{"0x43e9abea1910387c4292bca4b94de81462f8a251": {"value": 0.0, "timestamp": 1752141733.3873935}, "0xd57ecca444a9acb7208d286be439de12dd09de5d": {"value": 0.0, "timestamp": 1752141734.62699}, "0xfefefefefefefefefefefefefefefefefefefefe": {"value": 1000.0, "timestamp": 1752141735.8380828}, "0x2222222222222222222222222222222222222222": {"value": 420.5, "timestamp": 1752141737.0646765}, "0x77c3ea550d2da44b120e55071f57a108f8dd5e45": {"value": 0.0, "timestamp": 1752141738.267699}, "0x716bd8d3337972db99995dda5c4b34d954a61d95": {"value": 0.0, "timestamp": 1752141739.4957683}, "0x9794bbbc222b6b93c1417d01aa1ff06d42e5333b": {"value": 0.0, "timestamp": 1752141740.8434231}, "0xfae95f601f3a25ace60d19dbb929f2a5c57e3571": {"value": 0.008618, "timestamp": 1752141742.0673854}, "0xa20fcfa0507fe762011962cc581b95bbbc3bbdba": {"value": 0.0, "timestamp": 1752141743.4052136}, "0x51156f7002c4f74f4956c9e0f2b7bfb6e9dbfac2": {"value": 0.1, "timestamp": 1752141744.7901187}, "0xfdc5a81605d8b926947d2e865f74025dd53ac314": {"value": 0.0, "timestamp": 1752141746.0183585}, "0xa350d83fdcc7ac81dfaedea1a87108401ccb015f": {"value": 0.0, "timestamp": 1752141747.2746737}, "0x0d0707963952f2fba59dd06f2b425ace40b492fe": {"value": 0.0, "timestamp": 1752141748.5313482}, "0xc4ff1b50648213bdb064bea8c9e25bfa0606f93a": {"value": 0.0, "timestamp": 1752141749.7977662}, "0x7f0269d7438a27811e6fa0fc33b51a79ea79be9e": {"value": 0.0, "timestamp": 1752141751.2429683}, "0xbde2ddc49a2e6827300faa6afc93d572114a60b1": {"value": 1658085.504241, "timestamp": 1752141752.6194415}, "0xcfdb74a8c080bb7b4360ed6fe21f895c653efff4": {"value": 0.0, "timestamp": 1752141753.85067}, "0xbdfa4f4492dd7b7cf211209c4791af8d52bf5c50": {"value": 615605.921481, "timestamp": 1752141755.2646801}, "0x493db0ed7514c975e9abcc110bd40c473b6763e3": {"value": 0.0, "timestamp": 1752141756.456782}, "0x4e14fc11f58b64740e66e4b1aa188a4b007c0eab": {"value": 539.170303, "timestamp": 1752141757.7269623}, "0x5b5d51203a0f9079f8aeb098a6523a13f298c060": {"value": 83643276.647882, "timestamp": 1752141758.9499414}, "0x1ab4973a48dc892cd9971ece8e01dcc7688f8f23": {"value": 0.699908, "timestamp": 1752141760.1864758}, "0xb2833d8822baa7b4e6418c0d891ec94db31adf5a": {"value": 0.0, "timestamp": 1752141762.645718}, "0xd22fd233a6ed7b6a19c659fb4f05fefa4f0c7043": {"value": 0.0, "timestamp": 1752141763.8888168}, "0x656c8da58d738295e03550796dd83900aa7c6525": {"value": 0.003165, "timestamp": 1752141765.1351047}, "0xc764acfc6724434fb7a76f1c09db9b42481a443c": {"value": 0.0, "timestamp": 1752141766.4688716}, "0x4a207d289fd49e60502451099771127bcf35b961": {"value": 17006128.545247, "timestamp": 1752141767.7822378}, "0x03b9a189e2480d1e4c3007080b29f362282130fa": {"value": 349116.495251, "timestamp": 1752141768.990614}, "0x7dacca323e44f168494c779bb5e7483c468ef410": {"value": 1192680.416503, "timestamp": 1752141770.3394215}, "0x82d8dc80190e6bc1d92b048f9fc7e85e5e1e32ff": {"value": 0.0, "timestamp": 1752141771.5513275}, "0x1419e75330c71ce463102e6a1eb62fe80b412d5f": {"value": 0.0, "timestamp": 1752141772.7940955}, "0x470acb23c5cf667e12e9d1cf6d53c9b203f4db90": {"value": 0.0, "timestamp": 1752141774.0022285}, "0x89453000afe81a8843ae2d1c5df0f340f8800779": {"value": 1476612.968058, "timestamp": 1752141775.2593346}, "0x37ba55978b3add5e61c3cf1cdfe445c0d55482dd": {"value": 0.0, "timestamp": 1752141776.4819605}, "0x992ec71207c9e183e64c81461908f1a1a783af6a": {"value": 0.006351, "timestamp": 1752141777.680784}, "0xe06a3c8d7eedc8c907a0bba434804288a6f7cd24": {"value": 0.0, "timestamp": 1752141778.8866422}, "0xeb995c082dd1249fde261fa7c0b1c0a04fda86c9": {"value": 0.0, "timestamp": 1752141780.1327634}, "0x0e8bf301805df4e6ba7151297e5f7dfedc1eaab9": {"value": 0.0, "timestamp": 1752141781.3884473}, "0xcf9bfaf7e7ed48d85f2487b8fed07852a5e93ad1": {"value": 3200767.014269, "timestamp": 1752141782.6633573}, "0x13c50dcdee4bbcba71baf578b345cdd35c7928be": {"value": 532449.402038, "timestamp": 1752141784.04803}, "0xa23190045c4aebeb724844ce622465475e539bae": {"value": 4917787.563323, "timestamp": 1752141785.3019545}, "0xc59498175d6d317642aeb97f895a7ce1aa992191": {"value": 0.0, "timestamp": 1752141786.7021244}, "0x99967871e6c4f9a5185abc57edede9e9540191f6": {"value": 0.0, "timestamp": 1752141787.9879465}, "0xffe664491482ae9db6ba9e55c2ed1ea55c700a52": {"value": 0.245123, "timestamp": 1752141789.3202128}, "0xad6b6913aa3e3071910a4d53a5c88dc01bade4a4": {"value": 0.0, "timestamp": 1752141790.522241}, "0xecb63caa47c7c4e77f60f1ce858cf28dc2b82b00": {"value": 78835156.563759, "timestamp": 1752141791.782163}, "0xe36eebf15b7b5042d86885641f5b040a8d07ae18": {"value": 0.0, "timestamp": 1752141793.352191}, "0xbee95bb47bc4e28bb1fd489a2d0f873fe59172ad": {"value": 0.0, "timestamp": 1752141794.5968852}, "0x3e3868f5e6fd1b2c2b91b234436b46c0a5b1140c": {"value": 6808009.774841, "timestamp": 1752141796.971086}, "0x14a872e2564aa6e4ce108cdb427dbac794590016": {"value": 0.0, "timestamp": 1752141798.179734}, "0x67fe021a7e9c8af558d3714e7bc6fa544da6cad4": {"value": 0.0, "timestamp": 1752141799.3912945}, "0xcdf9a0cc8174dba1019e4c176c0a179f1d4d1ad3": {"value": 0.0, "timestamp": 1752141800.6156669}, "0xb9a2bc88d22e82628acdb2a86fc297a038b3158e": {"value": 0.0, "timestamp": 1752141801.8664868}, "0xaf297dec752c909092a117a932a8ca4aaaff9795": {"value": 27423.395575, "timestamp": 1752141803.0875542}, "0x0f991873aab3e14191978946d48f30f624ae9867": {"value": 0.001828, "timestamp": 1752141804.4392636}, "0xcd1a5fb7c3a5ad2a13fce54853b3c3a01396e525": {"value": 0.0, "timestamp": 1752141805.6657305}, "0xcac19662ec88d23fa1c81ac0e8570b0cf2ff26b3": {"value": 115506.453036, "timestamp": 1752141807.0029302}, "0xf02021e26e0bbfef8ffa2cc9cb64305a8ae465b4": {"value": 0.004889, "timestamp": 1752141808.308021}, "0x091144e651b334341eabdbbbfed644ad0100023e": {"value": 5893914.174789, "timestamp": 1752141809.4964628}, "0x1da722cfa8b0dfda57cf8d787689039c7a63f049": {"value": 1810.15264, "timestamp": 1752141810.847928}, "0x6555e1cc97d3cba6eaddebbcd7ca51d75771e0b8": {"value": 8396062.159279, "timestamp": 1752141812.1759496}, "0xbf49647d017805fcc576ac10f33a788e636f4258": {"value": 291941.08676, "timestamp": 1752141813.38969}, "0xaefcc9cacbe0e41978bef1818358f471848de9cb": {"value": 0.0, "timestamp": 1752141814.6515079}, "0xd9225c2b6383f6e532c01c34d7588b1106b9e30b": {"value": 0.0, "timestamp": 1752141815.9992423}, "0xa2ce501d9c0c5e23d34272f84402cfb7835b3126": {"value": 0.0, "timestamp": 1752141818.0105162}, "0x0aadc54a9e78cfe2e971aa8edcedea9c6df01f46": {"value": 0.006441, "timestamp": 1752141819.4534857}, "0x0e41eb80e9a39ae7b887a94f6a88f6c791e26359": {"value": 1820310.857489, "timestamp": 1752141820.7093647}, "0x18ed0f81334d32027da587f92eab8c53a87eacbd": {"value": 0.0, "timestamp": 1752141822.339005}, "0x372c7f69d0ecc14f73f89bd8a7dfb41bdf29857c": {"value": 0.0, "timestamp": 1752141823.5436716}, "0xa9ff08af55b24bb5d064d776a078e8a292b8dfe2": {"value": 11137.889546, "timestamp": 1752141824.7578847}, "0xb83de012dba672c76a7dbbbf3e459cb59d7d6e36": {"value": 41133327.92979, "timestamp": 1752141826.0585248}, "0x77375a8c9d13bf79afb2a87f1b0ac1dfd5f5bf66": {"value": 154523.635221, "timestamp": 1752141827.4216034}, "0xb952a94e9a9a63b393946dea15e1d86d22656331": {"value": 0.0, "timestamp": 1752141828.6773074}, "0x9f3b90f03dbe29c31ed1d05d7f6515248b9de2cf": {"value": 0.0, "timestamp": 1752141829.8947718}, "0x34a15fb11242f63765bcaf05a5925dcb407770a2": {"value": 0.0, "timestamp": 1752141832.1657822}, "0xe867fbdad3291530e41530301ecb77693850c78e": {"value": 1317987.069238, "timestamp": 1752141833.4013052}, "0x156115e100141e9330620c253225cc5ee598a31a": {"value": 0.0, "timestamp": 1752141834.6376204}, "0x9abe126127818c6440db88cf32a222e47193e0b0": {"value": 0.0, "timestamp": 1752141835.8602269}, "0x807a2e2e469df84b299da5f90f15dda4380daca1": {"value": 0.0, "timestamp": 1752141837.173014}, "0x9e875bd28ee5001478c16cb0c8329116a3c3e816": {"value": 5000.0, "timestamp": 1752141838.3902628}, "0xa69e24a291687a7cc0bb1d8bc09ba74e667d4d9e": {"value": 0.0, "timestamp": 1752141839.6675327},