Exchange Name,24h Volume (BTC),Type,24h Volume (USD)
Binance,238207.19607734936,CEX,27299021084.86
Gate,55749.669344467904,CEX,6389023606.21
CoinW,48778.396913191726,CEX,5590101843.05
Bybit,48000.94956936153,CEX,5501004822.55
Bitget,46231.42542253759,CEX,5298213816.27
MEXC,43627.152017015476,CEX,4999758875.45
BitMart,43391.10747321746,CEX,4972707698.65
KCEX,40151.06894314437,CEX,4601392803.02
BVOX,40050.73708890266,CEX,4589894571.86
Ourbit,38156.864990228554,CEX,4372853041.61
