name,maxSupply,totalSupply,circulatingSupply,markPx
HYPE,1000000000.0,999671702.9249207973,335967285.4892624021,46.311
